{
    "metrics": {
        "vus_max": {
            "value": 100,
            "min": 100,
            "max": 100
        },
        "http_req_blocked": {
            "min": 0,
            "med": 0.001,
            "max": 29.844,
            "p(90)": 0.001,
            "p(95)": 0.001,
            "avg": 0.0007773699886959574
        },
        "http_req_failed": {
            "fails": 10404069,
            "passes": 0,
            "value": 0
        },
        "vus": {
            "value": 100,
            "min": 100,
            "max": 100
        },
        "http_req_tls_handshaking": {
            "avg": 0,
            "min": 0,
            "med": 0,
            "max": 0,
            "p(90)": 0,
            "p(95)": 0
        },
        "http_req_receiving": {
            "max": 33.048,
            "p(90)": 0.007,
            "p(95)": 0.007,
            "avg": 0.005830405007801,
            "min": -0.22,
            "med": 0.003
        },
        "iteration_duration": {
            "max": 41.350792,
            "p(90)": 1.1475,
            "p(95)": 1.47225,
            "avg": 0.5592132232078368,
            "min": 0.021291,
            "med": 0.412708
        },
        "http_req_duration{expected_response:true}": {
            "avg": 0.509305746434461,
            "min": 0.017,
            "med": 0.377,
            "max": 41.336,
            "p(90)": 1.052,
            "p(95)": 1.341
        },
        "http_req_waiting": {
            "p(95)": 1.33,
            "avg": 0.5009568862913834,
            "min": 0.014,
            "med": 0.371,
            "max": 40.251,
            "p(90)": 1.043
        },
        "data_received": {
            "count": 811517382,
            "rate": 13525149.038449999
        },
        "iterations": {
            "count": 10404069,
            "rate": 173399.34664679487
        },
        "data_sent": {
            "rate": 12137954.26527564,
            "count": 728284830
        },
        "http_reqs": {
            "count": 10404069,
            "rate": 173399.34664679487
        },
        "http_req_sending": {
            "med": 0.001,
            "max": 31.276,
            "p(90)": 0.003,
            "p(95)": 0.003,
            "avg": 0.0025184551354676173,
            "min": 0
        },
        "http_req_duration": {
            "avg": 0.509305746434461,
            "min": 0.017,
            "med": 0.377,
            "max": 41.336,
            "p(90)": 1.052,
            "p(95)": 1.341
        },
        "http_req_connecting": {
            "avg": 0.000008605575376326321,
            "min": 0,
            "med": 0,
            "max": 1.473,
            "p(90)": 0,
            "p(95)": 0
        }
    },
    "root_group": {
        "name": "",
        "path": "",
        "id": "d41d8cd98f00b204e9800998ecf8427e",
        "groups": {},
        "checks": {}
    }
}